{"0": [{"x1": 617, "y1": 562, "x2": 676, "y2": 621}, {"x1": 396, "y1": 584, "x2": 454, "y2": 643}, {"x1": 484, "y1": 585, "x2": 543, "y2": 639}, {"x1": 539, "y1": 589, "x2": 598, "y2": 643}, {"x1": 540, "y1": 589, "x2": 599, "y2": 643}, {"x1": 581, "y1": 597, "x2": 640, "y2": 653}], "1": [], "2": [{"x1": 193, "y1": 517, "x2": 249, "y2": 570}, {"x1": 789, "y1": 522, "x2": 837, "y2": 578}, {"x1": 193, "y1": 517, "x2": 252, "y2": 570}], "3": [{"x1": 747, "y1": 519, "x2": 797, "y2": 563}, {"x1": 216, "y1": 526, "x2": 266, "y2": 574}, {"x1": 233, "y1": 526, "x2": 280, "y2": 574}], "4": [], "5": [{"x1": 715, "y1": 466, "x2": 761, "y2": 508}, {"x1": 717, "y1": 477, "x2": 767, "y2": 519}, {"x1": 760, "y1": 483, "x2": 810, "y2": 518}, {"x1": 703, "y1": 484, "x2": 753, "y2": 519}, {"x1": 220, "y1": 488, "x2": 270, "y2": 535}, {"x1": 474, "y1": 513, "x2": 518, "y2": 545}, {"x1": 474, "y1": 513, "x2": 516, "y2": 546}, {"x1": 474, "y1": 513, "x2": 524, "y2": 546}, {"x1": 474, "y1": 513, "x2": 518, "y2": 549}, {"x1": 474, "y1": 513, "x2": 520, "y2": 550}, {"x1": 474, "y1": 513, "x2": 517, "y2": 551}, {"x1": 474, "y1": 513, "x2": 519, "y2": 552}, {"x1": 474, "y1": 513, "x2": 516, "y2": 553}, {"x1": 494, "y1": 513, "x2": 544, "y2": 553}, {"x1": 566, "y1": 507, "x2": 616, "y2": 554}, {"x1": 544, "y1": 516, "x2": 594, "y2": 555}, {"x1": 577, "y1": 507, "x2": 625, "y2": 554}, {"x1": 484, "y1": 518, "x2": 534, "y2": 571}, {"x1": 537, "y1": 518, "x2": 587, "y2": 570}, {"x1": 549, "y1": 519, "x2": 599, "y2": 561}, {"x1": 464, "y1": 527, "x2": 514, "y2": 577}], "6": [], "7": [], "8": [], "9": [{"x1": 276, "y1": 506, "x2": 323, "y2": 573}], "10": []}