{"0": [{"x1": 632, "y1": 578, "x2": 661, "y2": 606}, {"x1": 410, "y1": 600, "x2": 437, "y2": 627}, {"x1": 499, "y1": 600, "x2": 528, "y2": 622}, {"x1": 554, "y1": 604, "x2": 583, "y2": 631}, {"x1": 555, "y1": 604, "x2": 584, "y2": 631}, {"x1": 596, "y1": 612, "x2": 625, "y2": 641}], "1": [], "2": [{"x1": 193, "y1": 520, "x2": 223, "y2": 563}, {"x1": 789, "y1": 531, "x2": 837, "y2": 578}, {"x1": 206, "y1": 538, "x2": 252, "y2": 570}], "3": [{"x1": 760, "y1": 526, "x2": 784, "y2": 550}, {"x1": 229, "y1": 537, "x2": 253, "y2": 561}, {"x1": 246, "y1": 537, "x2": 270, "y2": 561}], "4": [], "5": [{"x1": 725, "y1": 469, "x2": 749, "y2": 494}, {"x1": 730, "y1": 490, "x2": 754, "y2": 516}, {"x1": 773, "y1": 497, "x2": 797, "y2": 518}, {"x1": 717, "y1": 497, "x2": 740, "y2": 519}, {"x1": 233, "y1": 501, "x2": 257, "y2": 525}, {"x1": 481, "y1": 513, "x2": 505, "y2": 531}, {"x1": 479, "y1": 513, "x2": 503, "y2": 532}, {"x1": 487, "y1": 513, "x2": 511, "y2": 532}, {"x1": 481, "y1": 513, "x2": 505, "y2": 535}, {"x1": 483, "y1": 513, "x2": 507, "y2": 536}, {"x1": 480, "y1": 513, "x2": 504, "y2": 537}, {"x1": 482, "y1": 513, "x2": 506, "y2": 538}, {"x1": 479, "y1": 513, "x2": 503, "y2": 539}, {"x1": 507, "y1": 515, "x2": 531, "y2": 539}, {"x1": 579, "y1": 519, "x2": 603, "y2": 540}, {"x1": 557, "y1": 516, "x2": 581, "y2": 541}, {"x1": 590, "y1": 519, "x2": 614, "y2": 542}, {"x1": 497, "y1": 531, "x2": 521, "y2": 557}, {"x1": 550, "y1": 531, "x2": 574, "y2": 557}, {"x1": 562, "y1": 532, "x2": 586, "y2": 555}, {"x1": 477, "y1": 540, "x2": 501, "y2": 566}], "6": [], "7": [], "8": [], "9": [{"x1": 287, "y1": 508, "x2": 323, "y2": 552}], "10": []}