{"0": [{"x1": 305, "y1": 389, "x2": 361, "y2": 446}], "1": [], "2": [], "3": [{"x1": 807, "y1": 506, "x2": 857, "y2": 553}, {"x1": 896, "y1": 508, "x2": 939, "y2": 558}, {"x1": 825, "y1": 509, "x2": 875, "y2": 559}, {"x1": 504, "y1": 632, "x2": 549, "y2": 682}], "4": [{"x1": 255, "y1": 112, "x2": 341, "y2": 162}, {"x1": 286, "y1": 112, "x2": 372, "y2": 141}, {"x1": 332, "y1": 112, "x2": 418, "y2": 138}, {"x1": 443, "y1": 112, "x2": 529, "y2": 140}, {"x1": 386, "y1": 112, "x2": 472, "y2": 138}, {"x1": 531, "y1": 96, "x2": 604, "y2": 179}, {"x1": 533, "y1": 138, "x2": 619, "y2": 208}, {"x1": 138, "y1": 203, "x2": 188, "y2": 253}, {"x1": 654, "y1": 318, "x2": 739, "y2": 401}, {"x1": 656, "y1": 361, "x2": 730, "y2": 440}, {"x1": 895, "y1": 641, "x2": 939, "y2": 710}, {"x1": 50, "y1": 650, "x2": 94, "y2": 703}, {"x1": 50, "y1": 650, "x2": 95, "y2": 703}, {"x1": 50, "y1": 650, "x2": 96, "y2": 703}, {"x1": 50, "y1": 650, "x2": 97, "y2": 703}, {"x1": 50, "y1": 650, "x2": 98, "y2": 703}, {"x1": 50, "y1": 650, "x2": 99, "y2": 703}, {"x1": 50, "y1": 650, "x2": 100, "y2": 703}, {"x1": 50, "y1": 650, "x2": 101, "y2": 703}, {"x1": 50, "y1": 650, "x2": 102, "y2": 703}, {"x1": 50, "y1": 650, "x2": 103, "y2": 703}, {"x1": 50, "y1": 650, "x2": 104, "y2": 703}, {"x1": 50, "y1": 650, "x2": 105, "y2": 703}, {"x1": 50, "y1": 650, "x2": 106, "y2": 703}, {"x1": 50, "y1": 650, "x2": 107, "y2": 703}, {"x1": 50, "y1": 650, "x2": 108, "y2": 703}, {"x1": 50, "y1": 650, "x2": 109, "y2": 703}, {"x1": 50, "y1": 650, "x2": 110, "y2": 703}, {"x1": 50, "y1": 650, "x2": 111, "y2": 703}, {"x1": 50, "y1": 650, "x2": 112, "y2": 703}, {"x1": 50, "y1": 650, "x2": 113, "y2": 703}, {"x1": 50, "y1": 650, "x2": 114, "y2": 703}, {"x1": 50, "y1": 650, "x2": 115, "y2": 703}, {"x1": 50, "y1": 650, "x2": 116, "y2": 703}, {"x1": 50, "y1": 650, "x2": 117, "y2": 703}, {"x1": 50, "y1": 650, "x2": 118, "y2": 703}, {"x1": 50, "y1": 650, "x2": 119, "y2": 703}, {"x1": 50, "y1": 650, "x2": 120, "y2": 703}, {"x1": 50, "y1": 650, "x2": 121, "y2": 703}, {"x1": 50, "y1": 650, "x2": 122, "y2": 703}, {"x1": 50, "y1": 650, "x2": 123, "y2": 703}, {"x1": 50, "y1": 650, "x2": 124, "y2": 703}, {"x1": 50, "y1": 632, "x2": 125, "y2": 703}, {"x1": 182, "y1": 636, "x2": 264, "y2": 718}, {"x1": 69, "y1": 646, "x2": 151, "y2": 702}, {"x1": 858, "y1": 657, "x2": 939, "y2": 732}, {"x1": 190, "y1": 667, "x2": 272, "y2": 745}, {"x1": 218, "y1": 671, "x2": 304, "y2": 745}, {"x1": 219, "y1": 671, "x2": 305, "y2": 745}, {"x1": 220, "y1": 671, "x2": 306, "y2": 745}, {"x1": 221, "y1": 671, "x2": 307, "y2": 745}, {"x1": 222, "y1": 671, "x2": 308, "y2": 745}, {"x1": 223, "y1": 671, "x2": 309, "y2": 745}, {"x1": 224, "y1": 671, "x2": 310, "y2": 745}, {"x1": 225, "y1": 671, "x2": 311, "y2": 745}, {"x1": 226, "y1": 671, "x2": 312, "y2": 745}, {"x1": 227, "y1": 671, "x2": 313, "y2": 745}, {"x1": 228, "y1": 671, "x2": 314, "y2": 745}, {"x1": 229, "y1": 671, "x2": 315, "y2": 745}, {"x1": 230, "y1": 671, "x2": 316, "y2": 745}, {"x1": 231, "y1": 671, "x2": 317, "y2": 745}, {"x1": 232, "y1": 671, "x2": 318, "y2": 745}, {"x1": 233, "y1": 671, "x2": 319, "y2": 745}, {"x1": 234, "y1": 671, "x2": 320, "y2": 745}, {"x1": 235, "y1": 671, "x2": 321, "y2": 745}, {"x1": 236, "y1": 671, "x2": 322, "y2": 745}, {"x1": 237, "y1": 671, "x2": 323, "y2": 745}, {"x1": 238, "y1": 671, "x2": 324, "y2": 745}, {"x1": 239, "y1": 671, "x2": 325, "y2": 745}, {"x1": 240, "y1": 671, "x2": 326, "y2": 745}, {"x1": 241, "y1": 671, "x2": 327, "y2": 745}, {"x1": 242, "y1": 671, "x2": 328, "y2": 745}, {"x1": 243, "y1": 671, "x2": 329, "y2": 745}, {"x1": 244, "y1": 671, "x2": 330, "y2": 745}, {"x1": 245, "y1": 671, "x2": 331, "y2": 745}, {"x1": 246, "y1": 671, "x2": 332, "y2": 745}, {"x1": 247, "y1": 671, "x2": 333, "y2": 745}, {"x1": 248, "y1": 671, "x2": 334, "y2": 745}, {"x1": 249, "y1": 677, "x2": 335, "y2": 745}, {"x1": 250, "y1": 677, "x2": 336, "y2": 745}, {"x1": 251, "y1": 693, "x2": 337, "y2": 745}, {"x1": 252, "y1": 693, "x2": 338, "y2": 745}, {"x1": 253, "y1": 693, "x2": 339, "y2": 745}, {"x1": 254, "y1": 693, "x2": 340, "y2": 745}, {"x1": 255, "y1": 693, "x2": 341, "y2": 745}, {"x1": 256, "y1": 693, "x2": 342, "y2": 745}, {"x1": 257, "y1": 693, "x2": 343, "y2": 745}, {"x1": 258, "y1": 693, "x2": 344, "y2": 745}, {"x1": 259, "y1": 693, "x2": 345, "y2": 745}, {"x1": 260, "y1": 693, "x2": 346, "y2": 745}, {"x1": 261, "y1": 693, "x2": 347, "y2": 745}, {"x1": 262, "y1": 695, "x2": 348, "y2": 745}, {"x1": 263, "y1": 695, "x2": 349, "y2": 745}, {"x1": 264, "y1": 695, "x2": 350, "y2": 745}, {"x1": 265, "y1": 695, "x2": 351, "y2": 745}, {"x1": 266, "y1": 695, "x2": 352, "y2": 745}, {"x1": 267, "y1": 695, "x2": 353, "y2": 745}, {"x1": 268, "y1": 695, "x2": 354, "y2": 745}, {"x1": 269, "y1": 695, "x2": 355, "y2": 745}, {"x1": 270, "y1": 695, "x2": 356, "y2": 745}, {"x1": 271, "y1": 695, "x2": 357, "y2": 745}, {"x1": 272, "y1": 695, "x2": 358, "y2": 745}, {"x1": 273, "y1": 695, "x2": 359, "y2": 745}, {"x1": 274, "y1": 695, "x2": 360, "y2": 745}, {"x1": 275, "y1": 695, "x2": 361, "y2": 745}, {"x1": 276, "y1": 695, "x2": 362, "y2": 745}, {"x1": 277, "y1": 677, "x2": 363, "y2": 745}, {"x1": 278, "y1": 677, "x2": 364, "y2": 745}, {"x1": 279, "y1": 677, "x2": 365, "y2": 745}, {"x1": 280, "y1": 677, "x2": 366, "y2": 745}, {"x1": 281, "y1": 677, "x2": 367, "y2": 745}, {"x1": 282, "y1": 677, "x2": 368, "y2": 745}, {"x1": 283, "y1": 677, "x2": 369, "y2": 745}, {"x1": 284, "y1": 677, "x2": 370, "y2": 745}, {"x1": 285, "y1": 677, "x2": 371, "y2": 745}, {"x1": 286, "y1": 677, "x2": 372, "y2": 745}, {"x1": 287, "y1": 677, "x2": 373, "y2": 745}, {"x1": 288, "y1": 677, "x2": 374, "y2": 745}, {"x1": 289, "y1": 677, "x2": 375, "y2": 745}, {"x1": 290, "y1": 677, "x2": 376, "y2": 745}, {"x1": 291, "y1": 677, "x2": 377, "y2": 745}, {"x1": 292, "y1": 677, "x2": 378, "y2": 745}, {"x1": 293, "y1": 677, "x2": 379, "y2": 745}, {"x1": 294, "y1": 677, "x2": 380, "y2": 745}, {"x1": 295, "y1": 677, "x2": 381, "y2": 745}, {"x1": 296, "y1": 677, "x2": 382, "y2": 745}, {"x1": 297, "y1": 677, "x2": 383, "y2": 745}, {"x1": 298, "y1": 677, "x2": 384, "y2": 745}, {"x1": 299, "y1": 677, "x2": 385, "y2": 745}, {"x1": 300, "y1": 677, "x2": 386, "y2": 745}, {"x1": 301, "y1": 677, "x2": 387, "y2": 745}, {"x1": 302, "y1": 677, "x2": 388, "y2": 745}, {"x1": 303, "y1": 677, "x2": 389, "y2": 745}, {"x1": 304, "y1": 677, "x2": 390, "y2": 745}, {"x1": 305, "y1": 677, "x2": 391, "y2": 745}, {"x1": 306, "y1": 677, "x2": 392, "y2": 745}, {"x1": 307, "y1": 677, "x2": 393, "y2": 745}, {"x1": 308, "y1": 677, "x2": 394, "y2": 745}, {"x1": 309, "y1": 677, "x2": 395, "y2": 745}, {"x1": 310, "y1": 677, "x2": 396, "y2": 745}, {"x1": 311, "y1": 677, "x2": 397, "y2": 745}, {"x1": 312, "y1": 677, "x2": 398, "y2": 745}, {"x1": 313, "y1": 677, "x2": 399, "y2": 745}, {"x1": 314, "y1": 677, "x2": 400, "y2": 745}, {"x1": 315, "y1": 677, "x2": 401, "y2": 745}, {"x1": 316, "y1": 677, "x2": 402, "y2": 745}, {"x1": 317, "y1": 677, "x2": 403, "y2": 745}, {"x1": 318, "y1": 677, "x2": 404, "y2": 745}, {"x1": 319, "y1": 677, "x2": 405, "y2": 745}, {"x1": 320, "y1": 677, "x2": 406, "y2": 745}, {"x1": 321, "y1": 677, "x2": 407, "y2": 745}, {"x1": 322, "y1": 677, "x2": 408, "y2": 745}, {"x1": 323, "y1": 677, "x2": 409, "y2": 745}, {"x1": 324, "y1": 677, "x2": 410, "y2": 745}, {"x1": 325, "y1": 677, "x2": 411, "y2": 745}, {"x1": 326, "y1": 677, "x2": 412, "y2": 745}, {"x1": 327, "y1": 677, "x2": 413, "y2": 745}, {"x1": 328, "y1": 677, "x2": 414, "y2": 745}, {"x1": 329, "y1": 677, "x2": 415, "y2": 745}, {"x1": 330, "y1": 677, "x2": 416, "y2": 745}, {"x1": 331, "y1": 677, "x2": 417, "y2": 745}, {"x1": 332, "y1": 677, "x2": 418, "y2": 745}, {"x1": 333, "y1": 677, "x2": 419, "y2": 745}, {"x1": 334, "y1": 677, "x2": 420, "y2": 745}, {"x1": 335, "y1": 677, "x2": 421, "y2": 745}, {"x1": 336, "y1": 677, "x2": 422, "y2": 745}, {"x1": 337, "y1": 677, "x2": 423, "y2": 745}, {"x1": 338, "y1": 677, "x2": 424, "y2": 745}, {"x1": 339, "y1": 677, "x2": 425, "y2": 745}, {"x1": 340, "y1": 677, "x2": 426, "y2": 745}, {"x1": 341, "y1": 677, "x2": 427, "y2": 745}, {"x1": 342, "y1": 677, "x2": 428, "y2": 745}, {"x1": 343, "y1": 677, "x2": 429, "y2": 745}, {"x1": 344, "y1": 677, "x2": 430, "y2": 745}, {"x1": 345, "y1": 677, "x2": 431, "y2": 745}, {"x1": 346, "y1": 677, "x2": 432, "y2": 745}, {"x1": 347, "y1": 677, "x2": 433, "y2": 745}, {"x1": 348, "y1": 677, "x2": 434, "y2": 745}, {"x1": 349, "y1": 677, "x2": 435, "y2": 745}, {"x1": 350, "y1": 677, "x2": 436, "y2": 745}, {"x1": 351, "y1": 677, "x2": 437, "y2": 745}, {"x1": 352, "y1": 677, "x2": 438, "y2": 745}, {"x1": 353, "y1": 677, "x2": 439, "y2": 745}, {"x1": 354, "y1": 677, "x2": 440, "y2": 745}, {"x1": 355, "y1": 677, "x2": 441, "y2": 745}, {"x1": 356, "y1": 677, "x2": 442, "y2": 745}, {"x1": 357, "y1": 677, "x2": 443, "y2": 745}, {"x1": 358, "y1": 677, "x2": 444, "y2": 745}, {"x1": 359, "y1": 677, "x2": 445, "y2": 745}, {"x1": 360, "y1": 677, "x2": 446, "y2": 745}, {"x1": 361, "y1": 677, "x2": 447, "y2": 745}, {"x1": 362, "y1": 677, "x2": 448, "y2": 745}, {"x1": 363, "y1": 677, "x2": 449, "y2": 745}, {"x1": 364, "y1": 677, "x2": 450, "y2": 745}, {"x1": 365, "y1": 693, "x2": 451, "y2": 745}, {"x1": 366, "y1": 693, "x2": 452, "y2": 745}, {"x1": 367, "y1": 693, "x2": 453, "y2": 745}, {"x1": 368, "y1": 693, "x2": 454, "y2": 745}, {"x1": 369, "y1": 693, "x2": 455, "y2": 745}, {"x1": 370, "y1": 693, "x2": 456, "y2": 745}, {"x1": 371, "y1": 693, "x2": 457, "y2": 745}, {"x1": 372, "y1": 693, "x2": 458, "y2": 745}, {"x1": 373, "y1": 693, "x2": 459, "y2": 745}, {"x1": 374, "y1": 693, "x2": 460, "y2": 745}, {"x1": 375, "y1": 693, "x2": 461, "y2": 745}, {"x1": 376, "y1": 693, "x2": 462, "y2": 745}, {"x1": 377, "y1": 693, "x2": 463, "y2": 745}, {"x1": 378, "y1": 693, "x2": 464, "y2": 745}, {"x1": 379, "y1": 693, "x2": 465, "y2": 745}, {"x1": 380, "y1": 693, "x2": 466, "y2": 745}, {"x1": 381, "y1": 693, "x2": 467, "y2": 745}, {"x1": 382, "y1": 693, "x2": 468, "y2": 745}, {"x1": 383, "y1": 693, "x2": 469, "y2": 745}, {"x1": 384, "y1": 693, "x2": 470, "y2": 745}, {"x1": 385, "y1": 693, "x2": 471, "y2": 745}, {"x1": 386, "y1": 693, "x2": 472, "y2": 745}, {"x1": 387, "y1": 693, "x2": 473, "y2": 745}, {"x1": 388, "y1": 693, "x2": 474, "y2": 745}, {"x1": 389, "y1": 693, "x2": 475, "y2": 745}, {"x1": 390, "y1": 693, "x2": 476, "y2": 745}, {"x1": 391, "y1": 693, "x2": 477, "y2": 745}, {"x1": 392, "y1": 693, "x2": 478, "y2": 745}, {"x1": 393, "y1": 693, "x2": 479, "y2": 745}, {"x1": 394, "y1": 693, "x2": 480, "y2": 745}, {"x1": 395, "y1": 693, "x2": 481, "y2": 745}, {"x1": 396, "y1": 693, "x2": 482, "y2": 745}, {"x1": 397, "y1": 693, "x2": 483, "y2": 745}, {"x1": 398, "y1": 693, "x2": 484, "y2": 745}, {"x1": 399, "y1": 693, "x2": 485, "y2": 745}, {"x1": 400, "y1": 693, "x2": 486, "y2": 745}, {"x1": 401, "y1": 693, "x2": 487, "y2": 745}, {"x1": 402, "y1": 693, "x2": 488, "y2": 745}, {"x1": 403, "y1": 686, "x2": 489, "y2": 745}, {"x1": 404, "y1": 686, "x2": 490, "y2": 745}, {"x1": 405, "y1": 686, "x2": 491, "y2": 745}, {"x1": 406, "y1": 686, "x2": 492, "y2": 745}, {"x1": 407, "y1": 686, "x2": 493, "y2": 745}, {"x1": 408, "y1": 686, "x2": 494, "y2": 745}, {"x1": 409, "y1": 686, "x2": 495, "y2": 745}, {"x1": 410, "y1": 686, "x2": 496, "y2": 745}, {"x1": 411, "y1": 685, "x2": 497, "y2": 745}, {"x1": 412, "y1": 685, "x2": 498, "y2": 745}, {"x1": 413, "y1": 685, "x2": 499, "y2": 745}, {"x1": 414, "y1": 685, "x2": 500, "y2": 745}, {"x1": 415, "y1": 685, "x2": 501, "y2": 745}, {"x1": 416, "y1": 685, "x2": 502, "y2": 745}, {"x1": 417, "y1": 685, "x2": 503, "y2": 745}, {"x1": 418, "y1": 685, "x2": 504, "y2": 745}, {"x1": 419, "y1": 685, "x2": 505, "y2": 745}, {"x1": 420, "y1": 685, "x2": 506, "y2": 745}, {"x1": 421, "y1": 685, "x2": 507, "y2": 745}, {"x1": 422, "y1": 685, "x2": 508, "y2": 745}, {"x1": 423, "y1": 685, "x2": 509, "y2": 745}, {"x1": 424, "y1": 685, "x2": 510, "y2": 745}, {"x1": 425, "y1": 685, "x2": 511, "y2": 745}, {"x1": 426, "y1": 685, "x2": 512, "y2": 745}, {"x1": 427, "y1": 685, "x2": 513, "y2": 745}, {"x1": 428, "y1": 685, "x2": 514, "y2": 745}, {"x1": 429, "y1": 685, "x2": 515, "y2": 745}, {"x1": 430, "y1": 685, "x2": 516, "y2": 745}, {"x1": 431, "y1": 685, "x2": 517, "y2": 745}, {"x1": 432, "y1": 685, "x2": 518, "y2": 745}, {"x1": 433, "y1": 685, "x2": 519, "y2": 745}, {"x1": 769, "y1": 671, "x2": 855, "y2": 745}, {"x1": 770, "y1": 671, "x2": 856, "y2": 745}, {"x1": 771, "y1": 671, "x2": 857, "y2": 745}, {"x1": 772, "y1": 671, "x2": 858, "y2": 745}, {"x1": 773, "y1": 671, "x2": 859, "y2": 745}, {"x1": 774, "y1": 671, "x2": 860, "y2": 745}, {"x1": 775, "y1": 671, "x2": 861, "y2": 745}, {"x1": 812, "y1": 671, "x2": 898, "y2": 745}], "5": [{"x1": 488, "y1": 145, "x2": 538, "y2": 191}, {"x1": 252, "y1": 145, "x2": 302, "y2": 192}, {"x1": 458, "y1": 159, "x2": 505, "y2": 210}, {"x1": 440, "y1": 451, "x2": 488, "y2": 484}, {"x1": 488, "y1": 449, "x2": 538, "y2": 485}, {"x1": 359, "y1": 632, "x2": 409, "y2": 683}, {"x1": 272, "y1": 633, "x2": 304, "y2": 669}], "6": [], "7": [], "8": [{"x1": 256, "y1": 213, "x2": 318, "y2": 256}, {"x1": 279, "y1": 425, "x2": 341, "y2": 464}, {"x1": 408, "y1": 516, "x2": 457, "y2": 578}], "9": [], "10": []}